"DESCRIPTION","DURATION IN MS","NAME","PARENT SUITE","START TIME","STATUS","STOP TIME","SUB SUITE","SUITE","TEST CLASS","TEST METHOD"
"","4997","Checking Add to Cart Functionality on VP : ADIDAS ORIGINAL a1@a1.com","chromium","Sat Nov 29 10:01:39 IST 2025","passed","Sat Nov 29 10:01:44 IST 2025","View Product Details Page : ","specs\viewProductDetails.spec.ts","",""
"","7718","End to End Test for : b1@b1.com","chromium","Sat Nov 29 10:00:07 IST 2025","passed","Sat Nov 29 10:00:15 IST 2025","","specs\endToEnd.spec.ts","",""
"","2748","Register Test 7 : invalid email","chromium","Sat Nov 29 10:00:59 IST 2025","passed","Sat Nov 29 10:01:02 IST 2025","","specs\register.spec.ts","",""
"","8725","Checking Product name on ChP: a1@a1.com ADIDAS ORIGINAL","chromium","Sat Nov 29 09:58:59 IST 2025","passed","Sat Nov 29 09:59:08 IST 2025","Checkout Page : ","specs\checkout.spec.ts","",""
"","3056","Checking Product Amount on VP : ZARA COAT 3 c1@c1.com","chromium","Sat Nov 29 10:01:57 IST 2025","passed","Sat Nov 29 10:02:00 IST 2025","View Product Details Page : ","specs\viewProductDetails.spec.ts","",""
"","3080","Checking cart Count Functionality on header : d1@d1.com","chromium","Sat Nov 29 10:00:29 IST 2025","passed","Sat Nov 29 10:00:32 IST 2025","Headers Btn Checking : ","specs\header.spec.ts","",""
"","4963","Checking email id on ChP: b1@b1.com","chromium","Sat Nov 29 09:59:07 IST 2025","passed","Sat Nov 29 09:59:12 IST 2025","Checkout Page : ","specs\checkout.spec.ts","",""
"","5771","filling country on ChP : b1@b1.com","chromium","Sat Nov 29 09:59:08 IST 2025","passed","Sat Nov 29 09:59:14 IST 2025","Checkout Page : ","specs\checkout.spec.ts","",""
"","3490","Checking Cart Btn : a1@a1.com","chromium","Sat Nov 29 10:00:16 IST 2025","passed","Sat Nov 29 10:00:19 IST 2025","Headers Btn Checking : ","specs\header.spec.ts","",""
"","8868","checking basic prouduct Detail on CP: ZARA COAT 3 a1@a1.com","chromium","Sat Nov 29 09:58:06 IST 2025","passed","Sat Nov 29 09:58:15 IST 2025","Cart Page : ","specs\cart.spec.ts","",""
"","6047","Checking Product name on ChP: c1@c1.com ZARA COAT 3","chromium","Sat Nov 29 09:59:21 IST 2025","passed","Sat Nov 29 09:59:27 IST 2025","Checkout Page : ","specs\checkout.spec.ts","",""
"","3251","checking view  functionality : a1@a1.com","chromium","Sat Nov 29 10:01:24 IST 2025","passed","Sat Nov 29 10:01:27 IST 2025","View Order Details Page : ","specs\viewOrderDetails.spec.ts","",""
"","3388","Checking SignOut Btn : d1@d1.com","chromium","Sat Nov 29 10:00:28 IST 2025","passed","Sat Nov 29 10:00:32 IST 2025","Headers Btn Checking : ","specs\header.spec.ts","",""
"","4839","checking view button functionality on OP : c1@c1.com","chromium","Sat Nov 29 10:00:36 IST 2025","passed","Sat Nov 29 10:00:41 IST 2025","Orders Page : ","specs\order.spec.ts","",""
"","2689","Register Test 4 : lastName empty","chromium","Sat Nov 29 10:00:56 IST 2025","passed","Sat Nov 29 10:00:59 IST 2025","","specs\register.spec.ts","",""
"","2691","Checking Product Amount on VP : ADIDAS ORIGINAL a1@a1.com","chromium","Sat Nov 29 10:01:37 IST 2025","passed","Sat Nov 29 10:01:39 IST 2025","View Product Details Page : ","specs\viewProductDetails.spec.ts","",""
"","2879","Checking Product Text on DP 9: iphone 13 pro a1@a1.com","chromium","Sat Nov 29 09:59:37 IST 2025","passed","Sat Nov 29 09:59:40 IST 2025","Dashboard Page : ","specs\dashboard.spec.ts","",""
"","4766","Checking Add to Cart Functionality on VP : ZARA COAT 3 c1@c1.com","chromium","Sat Nov 29 10:01:57 IST 2025","passed","Sat Nov 29 10:02:02 IST 2025","View Product Details Page : ","specs\viewProductDetails.spec.ts","",""
"","1058","Register Test 10 : character in phoneNumber","chromium","Sat Nov 29 10:01:00 IST 2025","passed","Sat Nov 29 10:01:01 IST 2025","","specs\register.spec.ts","",""
"","1233","Register Test 13 : phoneNumber empty","chromium","Sat Nov 29 10:01:02 IST 2025","passed","Sat Nov 29 10:01:03 IST 2025","","specs\register.spec.ts","",""
"","7258","checking basic prouduct Detail on CP: iphone 13 pro c1@c1.com","chromium","Sat Nov 29 09:59:00 IST 2025","passed","Sat Nov 29 09:59:08 IST 2025","Cart Page : ","specs\cart.spec.ts","",""
"","9877","End to End Test for : a1@a1.com","chromium","Sat Nov 29 10:00:06 IST 2025","passed","Sat Nov 29 10:00:16 IST 2025","","specs\endToEnd.spec.ts","",""
"","9037","Checking Product Name On ThP: a1@a1.com ADIDAS ORIGINAL","chromium","Sat Nov 29 10:01:09 IST 2025","passed","Sat Nov 29 10:01:18 IST 2025","Thank You Page : ","specs\thankYou.spec.ts","",""
"","5815","checking continue shopping button on cart page : c1@c1.com","chromium","Sat Nov 29 09:58:41 IST 2025","passed","Sat Nov 29 09:58:46 IST 2025","Cart Page : ","specs\cart.spec.ts","",""
"","8682","Checking Product name on ChP: a1@a1.com iphone 13 pro","chromium","Sat Nov 29 09:59:04 IST 2025","passed","Sat Nov 29 09:59:13 IST 2025","Checkout Page : ","specs\checkout.spec.ts","",""
"","3002","Checking Product Amount on VP : ADIDAS ORIGINAL b1@b1.com","chromium","Sat Nov 29 10:01:50 IST 2025","passed","Sat Nov 29 10:01:53 IST 2025","View Product Details Page : ","specs\viewProductDetails.spec.ts","",""
"","3048","Checking Home Btn : d1@d1.com","chromium","Sat Nov 29 10:00:26 IST 2025","passed","Sat Nov 29 10:00:29 IST 2025","Headers Btn Checking : ","specs\header.spec.ts","",""
"","3758","Checking Product Amount on DP 18: iphone 13 pro c1@c1.com","chromium","Sat Nov 29 09:59:56 IST 2025","passed","Sat Nov 29 09:59:59 IST 2025","Dashboard Page : ","specs\dashboard.spec.ts","",""
"","8941","Checking Product Name On ThP: a1@a1.com iphone 13 pro","chromium","Sat Nov 29 10:01:15 IST 2025","passed","Sat Nov 29 10:01:24 IST 2025","Thank You Page : ","specs\thankYou.spec.ts","",""
"","3178","Checking Product Text on DP 13: ADIDAS ORIGINAL b1@b1.com","chromium","Sat Nov 29 09:59:45 IST 2025","passed","Sat Nov 29 09:59:48 IST 2025","Dashboard Page : ","specs\dashboard.spec.ts","",""
"","2885","Register Test 14 : empty password","chromium","Sat Nov 29 10:01:03 IST 2025","passed","Sat Nov 29 10:01:06 IST 2025","","specs\register.spec.ts","",""
"","2837","Login test 1 : success","chromium","Sat Nov 29 10:00:31 IST 2025","passed","Sat Nov 29 10:00:33 IST 2025","","specs\login.spec.ts","",""
"","2924","Login test 6 : failure","chromium","Sat Nov 29 10:00:33 IST 2025","passed","Sat Nov 29 10:00:36 IST 2025","","specs\login.spec.ts","",""
"","7621","checking Thank you heading On ThP: c1@c1.com","chromium","Sat Nov 29 10:01:18 IST 2025","passed","Sat Nov 29 10:01:25 IST 2025","Thank You Page : ","specs\thankYou.spec.ts","",""
"","3103","Checking Cart Btn : c1@c1.com","chromium","Sat Nov 29 10:00:24 IST 2025","passed","Sat Nov 29 10:00:27 IST 2025","Headers Btn Checking : ","specs\header.spec.ts","",""
"","4755","Checking Product name on ChP: b1@b1.com ADIDAS ORIGINAL","chromium","Sat Nov 29 09:59:12 IST 2025","passed","Sat Nov 29 09:59:16 IST 2025","Checkout Page : ","specs\checkout.spec.ts","",""
"","30564","Register Test 22 : success","chromium","Sat Nov 29 10:02:16 IST 2025","broken","Sat Nov 29 10:02:46 IST 2025","","specs\register.spec.ts","",""
"","8760","Checking Product name on ChP: a1@a1.com ZARA COAT 3","chromium","Sat Nov 29 10:00:15 IST 2025","passed","Sat Nov 29 10:00:24 IST 2025","Checkout Page : ","specs\checkout.spec.ts","",""
"","6860","Checking cart Count Functionality on header : a1@a1.com","chromium","Sat Nov 29 10:00:17 IST 2025","passed","Sat Nov 29 10:00:24 IST 2025","Headers Btn Checking : ","specs\header.spec.ts","",""
"","7304","Checking Add to Cart Functionality on DP 20: iphone 13 pro c1@c1.com","chromium","Sat Nov 29 09:59:59 IST 2025","passed","Sat Nov 29 10:00:06 IST 2025","Dashboard Page : ","specs\dashboard.spec.ts","",""
"","6873","Checking Add to Cart Functionality on DP 4: ADIDAS ORIGINAL a1@a1.com","chromium","Sat Nov 29 09:59:27 IST 2025","passed","Sat Nov 29 09:59:34 IST 2025","Dashboard Page : ","specs\dashboard.spec.ts","",""
"","2824","End to End Test for : d1@d1.com","chromium","Sat Nov 29 10:00:11 IST 2025","passed","Sat Nov 29 10:00:14 IST 2025","","specs\endToEnd.spec.ts","",""
"","7763","checking basic prouduct Detail on CP: iphone 13 pro a1@a1.com","chromium","Sat Nov 29 09:58:16 IST 2025","passed","Sat Nov 29 09:58:24 IST 2025","Cart Page : ","specs\cart.spec.ts","",""
"","2968","Login test 4 : empty password","chromium","Sat Nov 29 10:00:32 IST 2025","passed","Sat Nov 29 10:00:35 IST 2025","","specs\login.spec.ts","",""
"","3062","Checking SignOut Btn : b1@b1.com","chromium","Sat Nov 29 10:00:21 IST 2025","passed","Sat Nov 29 10:00:24 IST 2025","Headers Btn Checking : ","specs\header.spec.ts","",""
"","1146","Register Test 2 : firstName more character","chromium","Sat Nov 29 10:00:54 IST 2025","passed","Sat Nov 29 10:00:55 IST 2025","","specs\register.spec.ts","",""
"","5116","checking checkout button on cart page : b1@b1.com","chromium","Sat Nov 29 09:58:59 IST 2025","passed","Sat Nov 29 09:59:04 IST 2025","Cart Page : ","specs\cart.spec.ts","",""
"","4907","Checking Product Text on DP 21: ZARA COAT 3 c1@c1.com","chromium","Sat Nov 29 10:00:00 IST 2025","passed","Sat Nov 29 10:00:05 IST 2025","Dashboard Page : ","specs\dashboard.spec.ts","",""
"","5090","Checking Add to Cart Functionality on VP : ZARA COAT 3 a1@a1.com","chromium","Sat Nov 29 10:01:44 IST 2025","passed","Sat Nov 29 10:01:49 IST 2025","View Product Details Page : ","specs\viewProductDetails.spec.ts","",""
"","2976","Login test 5 : both empty","chromium","Sat Nov 29 10:00:32 IST 2025","passed","Sat Nov 29 10:00:35 IST 2025","","specs\login.spec.ts","",""
"","9536","checking basic prouduct Detail on CP: ADIDAS ORIGINAL a1@a1.com","chromium","Sat Nov 29 09:58:06 IST 2025","passed","Sat Nov 29 09:58:16 IST 2025","Cart Page : ","specs\cart.spec.ts","",""
"","4423","checking continue shopping button on cart page : b1@b1.com","chromium","Sat Nov 29 09:58:24 IST 2025","passed","Sat Nov 29 09:58:28 IST 2025","Cart Page : ","specs\cart.spec.ts","",""
"","3857","Checking View Button on DP 23: ZARA COAT 3 c1@c1.com","chromium","Sat Nov 29 10:00:03 IST 2025","passed","Sat Nov 29 10:00:07 IST 2025","Dashboard Page : ","specs\dashboard.spec.ts","",""
"","3256","Checking Product Text on DP 17: iphone 13 pro c1@c1.com","chromium","Sat Nov 29 09:59:53 IST 2025","passed","Sat Nov 29 09:59:56 IST 2025","Dashboard Page : ","specs\dashboard.spec.ts","",""
"","6924","Checking Product Name On ThP: c1@c1.com ZARA COAT 3","chromium","Sat Nov 29 10:01:59 IST 2025","passed","Sat Nov 29 10:02:06 IST 2025","Thank You Page : ","specs\thankYou.spec.ts","",""
"","6034","checking buy now button on CP : ZARA COAT 3 c1@c1.com","chromium","Sat Nov 29 09:58:31 IST 2025","passed","Sat Nov 29 09:58:37 IST 2025","Cart Page : ","specs\cart.spec.ts","",""
"","31335","Checking Product name on ChP: c1@c1.com iphone 13 pro","chromium","Sat Nov 29 10:00:38 IST 2025","broken","Sat Nov 29 10:01:09 IST 2025","Checkout Page : ","specs\checkout.spec.ts","",""
"","4801","Checking Add to Cart Functionality on VP : ADIDAS ORIGINAL b1@b1.com","chromium","Sat Nov 29 10:01:52 IST 2025","passed","Sat Nov 29 10:01:57 IST 2025","View Product Details Page : ","specs\viewProductDetails.spec.ts","",""
"","2808","Checking Product Text on DP 5: ZARA COAT 3 a1@a1.com","chromium","Sat Nov 29 09:59:29 IST 2025","passed","Sat Nov 29 09:59:32 IST 2025","Dashboard Page : ","specs\dashboard.spec.ts","",""
"","8040","checking continue shopping button on cart page : a1@a1.com","chromium","Sat Nov 29 09:58:17 IST 2025","passed","Sat Nov 29 09:58:25 IST 2025","Cart Page : ","specs\cart.spec.ts","",""
"","9007","Checking email id on ChP: c1@c1.com","chromium","Sat Nov 29 09:59:53 IST 2025","passed","Sat Nov 29 10:00:02 IST 2025","Checkout Page : ","specs\checkout.spec.ts","",""
"","2787","Login test 7 : failure","chromium","Sat Nov 29 10:00:33 IST 2025","passed","Sat Nov 29 10:00:36 IST 2025","","specs\login.spec.ts","",""
"","3106","Checking Product Text on VP : ADIDAS ORIGINAL b1@b1.com","chromium","Sat Nov 29 10:01:49 IST 2025","passed","Sat Nov 29 10:01:52 IST 2025","View Product Details Page : ","specs\viewProductDetails.spec.ts","",""
"","3134","Checking Orders Btn : d1@d1.com","chromium","Sat Nov 29 10:00:27 IST 2025","passed","Sat Nov 29 10:00:30 IST 2025","Headers Btn Checking : ","specs\header.spec.ts","",""
"","3232","Checking Home Btn : b1@b1.com","chromium","Sat Nov 29 10:00:18 IST 2025","passed","Sat Nov 29 10:00:21 IST 2025","Headers Btn Checking : ","specs\header.spec.ts","",""
"","1310","Register Test 20 : password criteria fail","chromium","Sat Nov 29 10:01:06 IST 2025","passed","Sat Nov 29 10:01:08 IST 2025","","specs\register.spec.ts","",""
"","3386","checking order id on OP : c1@c1.com","chromium","Sat Nov 29 10:00:36 IST 2025","passed","Sat Nov 29 10:00:40 IST 2025","Orders Page : ","specs\order.spec.ts","",""
"","3209","checking view  functionality : b1@b1.com","chromium","Sat Nov 29 10:01:37 IST 2025","passed","Sat Nov 29 10:01:40 IST 2025","View Order Details Page : ","specs\viewOrderDetails.spec.ts","",""
"","5066","Checking cart Count Functionality on header : c1@c1.com","chromium","Sat Nov 29 10:00:26 IST 2025","passed","Sat Nov 29 10:00:31 IST 2025","Headers Btn Checking : ","specs\header.spec.ts","",""
"","3161","Checking Product Amount on VP : ZARA COAT 3 a1@a1.com","chromium","Sat Nov 29 10:01:42 IST 2025","passed","Sat Nov 29 10:01:45 IST 2025","View Product Details Page : ","specs\viewProductDetails.spec.ts","",""
"","2717","Checking Product Amount on DP 6: ZARA COAT 3 a1@a1.com","chromium","Sat Nov 29 09:59:32 IST 2025","passed","Sat Nov 29 09:59:35 IST 2025","Dashboard Page : ","specs\dashboard.spec.ts","",""
"","5365","Checking Product Name On ThP: b1@b1.com ADIDAS ORIGINAL","chromium","Sat Nov 29 10:01:17 IST 2025","passed","Sat Nov 29 10:01:23 IST 2025","Thank You Page : ","specs\thankYou.spec.ts","",""
"","3503","Checking SignOut Btn : a1@a1.com","chromium","Sat Nov 29 10:00:16 IST 2025","passed","Sat Nov 29 10:00:20 IST 2025","Headers Btn Checking : ","specs\header.spec.ts","",""
"","9512","checking delete button on CP : ADIDAS ORIGINAL a1@a1.com","chromium","Sat Nov 29 09:58:06 IST 2025","passed","Sat Nov 29 09:58:16 IST 2025","Cart Page : ","specs\cart.spec.ts","",""
"","9197","checking buy now button on CP : ADIDAS ORIGINAL a1@a1.com","chromium","Sat Nov 29 09:58:06 IST 2025","passed","Sat Nov 29 09:58:15 IST 2025","Cart Page : ","specs\cart.spec.ts","",""
"","3447","Checking View Button on DP 15: ADIDAS ORIGINAL b1@b1.com","chromium","Sat Nov 29 09:59:49 IST 2025","passed","Sat Nov 29 09:59:53 IST 2025","Dashboard Page : ","specs\dashboard.spec.ts","",""
"","8559","End to End Test for : c1@c1.com","chromium","Sat Nov 29 10:00:08 IST 2025","passed","Sat Nov 29 10:00:16 IST 2025","","specs\endToEnd.spec.ts","",""
"","3071","Register Test 9 : email empty","chromium","Sat Nov 29 10:01:00 IST 2025","passed","Sat Nov 29 10:01:03 IST 2025","","specs\register.spec.ts","",""
"","2821","Register Test 8 : email already exists","chromium","Sat Nov 29 10:00:59 IST 2025","passed","Sat Nov 29 10:01:02 IST 2025","","specs\register.spec.ts","",""
"","2938","Checking Product Text on VP : ZARA COAT 3 a1@a1.com","chromium","Sat Nov 29 10:01:39 IST 2025","passed","Sat Nov 29 10:01:42 IST 2025","View Product Details Page : ","specs\viewProductDetails.spec.ts","",""
"","5672","checking Thank you heading On ThP: b1@b1.com","chromium","Sat Nov 29 10:01:12 IST 2025","passed","Sat Nov 29 10:01:18 IST 2025","Thank You Page : ","specs\thankYou.spec.ts","",""
"","2677","Register Test 18 : password criteria fail","chromium","Sat Nov 29 10:01:06 IST 2025","passed","Sat Nov 29 10:01:08 IST 2025","","specs\register.spec.ts","",""
"","6905","Checking Add to Cart Functionality on DP 8: ZARA COAT 3 a1@a1.com","chromium","Sat Nov 29 09:59:35 IST 2025","passed","Sat Nov 29 09:59:42 IST 2025","Dashboard Page : ","specs\dashboard.spec.ts","",""
"","3163","checking order id on OP : a1@a1.com","chromium","Sat Nov 29 10:00:34 IST 2025","passed","Sat Nov 29 10:00:37 IST 2025","Orders Page : ","specs\order.spec.ts","",""
"","4586","checking delete button on CP : ADIDAS ORIGINAL b1@b1.com","chromium","Sat Nov 29 09:58:24 IST 2025","passed","Sat Nov 29 09:58:28 IST 2025","Cart Page : ","specs\cart.spec.ts","",""
"","3048","Checking Orders Btn : a1@a1.com","chromium","Sat Nov 29 10:00:15 IST 2025","passed","Sat Nov 29 10:00:18 IST 2025","Headers Btn Checking : ","specs\header.spec.ts","",""
"","6088","checking delete button on CP : iphone 13 pro c1@c1.com","chromium","Sat Nov 29 09:58:42 IST 2025","passed","Sat Nov 29 09:58:48 IST 2025","Cart Page : ","specs\cart.spec.ts","",""
"","6417","Checking Add to Cart Functionality on DP 24: ZARA COAT 3 c1@c1.com","chromium","Sat Nov 29 10:00:05 IST 2025","passed","Sat Nov 29 10:00:11 IST 2025","Dashboard Page : ","specs\dashboard.spec.ts","",""
"","2869","Register Test 5 : lastName invalid","chromium","Sat Nov 29 10:00:57 IST 2025","passed","Sat Nov 29 10:01:00 IST 2025","","specs\register.spec.ts","",""
"","4811","Checking Add to Cart Functionality on VP : iphone 13 pro a1@a1.com","chromium","Sat Nov 29 10:01:49 IST 2025","passed","Sat Nov 29 10:01:53 IST 2025","View Product Details Page : ","specs\viewProductDetails.spec.ts","",""
"","3098","Checking Product Text on VP : iphone 13 pro a1@a1.com","chromium","Sat Nov 29 10:01:45 IST 2025","passed","Sat Nov 29 10:01:49 IST 2025","View Product Details Page : ","specs\viewProductDetails.spec.ts","",""
"","2817","Login test 3 : empty email","chromium","Sat Nov 29 10:00:31 IST 2025","passed","Sat Nov 29 10:00:34 IST 2025","","specs\login.spec.ts","",""
"","9364","Checking PlaceOrder Button on ChP : a1@a1.com","chromium","Sat Nov 29 09:58:57 IST 2025","passed","Sat Nov 29 09:59:07 IST 2025","Checkout Page : ","specs\checkout.spec.ts","",""
"","3057","Checking View Button on DP 3: ADIDAS ORIGINAL a1@a1.com","chromium","Sat Nov 29 09:59:26 IST 2025","passed","Sat Nov 29 09:59:29 IST 2025","Dashboard Page : ","specs\dashboard.spec.ts","",""
"","2835","Checking Product Amount on VP : iphone 13 pro a1@a1.com","chromium","Sat Nov 29 10:01:47 IST 2025","passed","Sat Nov 29 10:01:50 IST 2025","View Product Details Page : ","specs\viewProductDetails.spec.ts","",""
"","7063","Checking PlaceOrder Button on ChP : c1@c1.com","chromium","Sat Nov 29 09:59:14 IST 2025","passed","Sat Nov 29 09:59:21 IST 2025","Checkout Page : ","specs\checkout.spec.ts","",""
"","2585","Login test 2 : invalid email","chromium","Sat Nov 29 10:00:31 IST 2025","passed","Sat Nov 29 10:00:33 IST 2025","","specs\login.spec.ts","",""
"","2770","Orders Page empty on OP :","chromium","Sat Nov 29 10:00:51 IST 2025","passed","Sat Nov 29 10:00:54 IST 2025","Orders Page : ","specs\order.spec.ts","",""
"","2571","Register Test 3 : firstName empty","chromium","Sat Nov 29 10:00:55 IST 2025","passed","Sat Nov 29 10:00:58 IST 2025","","specs\register.spec.ts","",""
"","3119","Checking Home Btn : c1@c1.com","chromium","Sat Nov 29 10:00:23 IST 2025","passed","Sat Nov 29 10:00:26 IST 2025","Headers Btn Checking : ","specs\header.spec.ts","",""
"","3503","Checking SignOut Btn : c1@c1.com","chromium","Sat Nov 29 10:00:25 IST 2025","passed","Sat Nov 29 10:00:28 IST 2025","Headers Btn Checking : ","specs\header.spec.ts","",""
"","8769","checking Thank you heading On ThP: a1@a1.com","chromium","Sat Nov 29 10:01:09 IST 2025","passed","Sat Nov 29 10:01:17 IST 2025","Thank You Page : ","specs\thankYou.spec.ts","",""
"","4875","Checking Add to Cart Functionality on VP : iphone 13 pro c1@c1.com","chromium","Sat Nov 29 10:01:56 IST 2025","passed","Sat Nov 29 10:02:01 IST 2025","View Product Details Page : ","specs\viewProductDetails.spec.ts","",""
"","2855","checking order id on OP : b1@b1.com","chromium","Sat Nov 29 10:00:51 IST 2025","passed","Sat Nov 29 10:00:54 IST 2025","Orders Page : ","specs\order.spec.ts","",""
"","2322","Checking Product Text on DP 1: ADIDAS ORIGINAL a1@a1.com","chromium","Sat Nov 29 09:59:21 IST 2025","passed","Sat Nov 29 09:59:24 IST 2025","Dashboard Page : ","specs\dashboard.spec.ts","",""
"","3545","Empty Product User on CP: d1@d1.com","chromium","Sat Nov 29 09:58:48 IST 2025","passed","Sat Nov 29 09:58:52 IST 2025","Cart Page : ","specs\cart.spec.ts","",""
"","2920","checking view  functionality : c1@c1.com","chromium","Sat Nov 29 10:01:25 IST 2025","passed","Sat Nov 29 10:01:28 IST 2025","View Order Details Page : ","specs\viewOrderDetails.spec.ts","",""
"","8889","Checking Product Name On ThP: a1@a1.com ZARA COAT 3","chromium","Sat Nov 29 10:01:47 IST 2025","passed","Sat Nov 29 10:01:56 IST 2025","Thank You Page : ","specs\thankYou.spec.ts","",""
"","7632","checking delete button on CP : iphone 13 pro a1@a1.com","chromium","Sat Nov 29 09:58:17 IST 2025","passed","Sat Nov 29 09:58:24 IST 2025","Cart Page : ","specs\cart.spec.ts","",""
"","4304","Checking Product Amount on DP 22: ZARA COAT 3 c1@c1.com","chromium","Sat Nov 29 10:00:01 IST 2025","passed","Sat Nov 29 10:00:05 IST 2025","Dashboard Page : ","specs\dashboard.spec.ts","",""
"","3236","Checking Product Text on VP : ZARA COAT 3 c1@c1.com","chromium","Sat Nov 29 10:01:56 IST 2025","passed","Sat Nov 29 10:02:00 IST 2025","View Product Details Page : ","specs\viewProductDetails.spec.ts","",""
"","3187","Register Test 11 : phoneNumber less digit","chromium","Sat Nov 29 10:01:01 IST 2025","passed","Sat Nov 29 10:01:05 IST 2025","","specs\register.spec.ts","",""
"","5005","checking basic prouduct Detail on CP: ADIDAS ORIGINAL b1@b1.com","chromium","Sat Nov 29 09:58:17 IST 2025","passed","Sat Nov 29 09:58:22 IST 2025","Cart Page : ","specs\cart.spec.ts","",""
"","7336","checking basic prouduct Detail on CP: ZARA COAT 3 c1@c1.com","chromium","Sat Nov 29 09:59:48 IST 2025","passed","Sat Nov 29 09:59:55 IST 2025","Cart Page : ","specs\cart.spec.ts","",""
"","7201","Checking Product Name On ThP: c1@c1.com iphone 13 pro","chromium","Sat Nov 29 10:01:18 IST 2025","passed","Sat Nov 29 10:01:25 IST 2025","Thank You Page : ","specs\thankYou.spec.ts","",""
"","4334","checking view button functionality on OP : a1@a1.com","chromium","Sat Nov 29 10:00:35 IST 2025","passed","Sat Nov 29 10:00:39 IST 2025","Orders Page : ","specs\order.spec.ts","",""
"","2872","Checking Product Text on VP : ADIDAS ORIGINAL a1@a1.com","chromium","Sat Nov 29 10:01:36 IST 2025","passed","Sat Nov 29 10:01:39 IST 2025","View Product Details Page : ","specs\viewProductDetails.spec.ts","",""
"","3297","Checking Product Amount on DP 14: ADIDAS ORIGINAL b1@b1.com","chromium","Sat Nov 29 09:59:48 IST 2025","passed","Sat Nov 29 09:59:52 IST 2025","Dashboard Page : ","specs\dashboard.spec.ts","",""
"","2808","Checking Product Amount on DP 10: iphone 13 pro a1@a1.com","chromium","Sat Nov 29 09:59:40 IST 2025","passed","Sat Nov 29 09:59:43 IST 2025","Dashboard Page : ","specs\dashboard.spec.ts","",""
"","5716","checking checkout button on cart page : c1@c1.com","chromium","Sat Nov 29 09:58:46 IST 2025","passed","Sat Nov 29 09:58:52 IST 2025","Cart Page : ","specs\cart.spec.ts","",""
"","7523","checking buy now button on CP : iphone 13 pro a1@a1.com","chromium","Sat Nov 29 09:58:16 IST 2025","passed","Sat Nov 29 09:58:24 IST 2025","Cart Page : ","specs\cart.spec.ts","",""
"","3956","checking delete button functionality on OP : a1@a1.com","chromium","Sat Nov 29 10:00:49 IST 2025","passed","Sat Nov 29 10:00:53 IST 2025","Orders Page : ","specs\order.spec.ts","",""
"","4312","Checking View Button on DP 19: iphone 13 pro c1@c1.com","chromium","Sat Nov 29 09:59:56 IST 2025","passed","Sat Nov 29 10:00:01 IST 2025","Dashboard Page : ","specs\dashboard.spec.ts","",""
"","7166","filling country on ChP : c1@c1.com","chromium","Sat Nov 29 09:59:14 IST 2025","passed","Sat Nov 29 09:59:21 IST 2025","Checkout Page : ","specs\checkout.spec.ts","",""
"","3565","checking delete button functionality on OP : c1@c1.com","chromium","Sat Nov 29 10:00:50 IST 2025","passed","Sat Nov 29 10:00:54 IST 2025","Orders Page : ","specs\order.spec.ts","",""
"","3345","Checking View Button on DP 11: iphone 13 pro a1@a1.com","chromium","Sat Nov 29 09:59:42 IST 2025","passed","Sat Nov 29 09:59:45 IST 2025","Dashboard Page : ","specs\dashboard.spec.ts","",""
"","8467","filling country on ChP : a1@a1.com","chromium","Sat Nov 29 09:58:52 IST 2025","passed","Sat Nov 29 09:59:01 IST 2025","Checkout Page : ","specs\checkout.spec.ts","",""
"","2252","Checking Product Amount on DP 2: ADIDAS ORIGINAL a1@a1.com","chromium","Sat Nov 29 09:59:24 IST 2025","passed","Sat Nov 29 09:59:26 IST 2025","Dashboard Page : ","specs\dashboard.spec.ts","",""
"","3257","checking view button functionality on OP : b1@b1.com","chromium","Sat Nov 29 10:01:01 IST 2025","passed","Sat Nov 29 10:01:04 IST 2025","Orders Page : ","specs\order.spec.ts","",""
"","7516","Checking email id on ChP: a1@a1.com","chromium","Sat Nov 29 09:58:52 IST 2025","passed","Sat Nov 29 09:58:59 IST 2025","Checkout Page : ","specs\checkout.spec.ts","",""
"","8123","checking checkout button on cart page : a1@a1.com","chromium","Sat Nov 29 09:58:17 IST 2025","passed","Sat Nov 29 09:58:25 IST 2025","Cart Page : ","specs\cart.spec.ts","",""
"","3252","Checking Cart Btn : d1@d1.com","chromium","Sat Nov 29 10:00:27 IST 2025","passed","Sat Nov 29 10:00:31 IST 2025","Headers Btn Checking : ","specs\header.spec.ts","",""
"","8757","checking buy now button on CP : ZARA COAT 3 a1@a1.com","chromium","Sat Nov 29 09:58:06 IST 2025","passed","Sat Nov 29 09:58:15 IST 2025","Cart Page : ","specs\cart.spec.ts","",""
"","1225","Register Test 16 : password mismatch","chromium","Sat Nov 29 10:01:05 IST 2025","passed","Sat Nov 29 10:01:06 IST 2025","","specs\register.spec.ts","",""
"","4375","Checking Product Text on VP : iphone 13 pro c1@c1.com","chromium","Sat Nov 29 10:01:53 IST 2025","passed","Sat Nov 29 10:01:57 IST 2025","View Product Details Page : ","specs\viewProductDetails.spec.ts","",""
"","3114","Checking Cart Btn : b1@b1.com","chromium","Sat Nov 29 10:00:20 IST 2025","passed","Sat Nov 29 10:00:23 IST 2025","Headers Btn Checking : ","specs\header.spec.ts","",""
"","3071","Checking Home Btn : a1@a1.com","chromium","Sat Nov 29 10:00:14 IST 2025","passed","Sat Nov 29 10:00:17 IST 2025","Headers Btn Checking : ","specs\header.spec.ts","",""
"","2745","Register Test 21 : password criteria fail","chromium","Sat Nov 29 10:01:07 IST 2025","passed","Sat Nov 29 10:01:10 IST 2025","","specs\register.spec.ts","",""
"","2686","Register Test 19 : password criteria fail","chromium","Sat Nov 29 10:01:06 IST 2025","passed","Sat Nov 29 10:01:09 IST 2025","","specs\register.spec.ts","",""
"","9571","checking delete button on CP : ZARA COAT 3 a1@a1.com","chromium","Sat Nov 29 09:58:06 IST 2025","passed","Sat Nov 29 09:58:16 IST 2025","Cart Page : ","specs\cart.spec.ts","",""
"","6655","Checking Add to Cart Functionality on DP 16: ADIDAS ORIGINAL b1@b1.com","chromium","Sat Nov 29 09:59:52 IST 2025","passed","Sat Nov 29 09:59:59 IST 2025","Dashboard Page : ","specs\dashboard.spec.ts","",""
"","2905","Register Test 12 : phoneNumber more digit","chromium","Sat Nov 29 10:01:02 IST 2025","passed","Sat Nov 29 10:01:05 IST 2025","","specs\register.spec.ts","",""
"","2680","Register Test 1 : firstName less character","chromium","Sat Nov 29 10:00:54 IST 2025","passed","Sat Nov 29 10:00:56 IST 2025","","specs\register.spec.ts","",""
"","3236","Checking View Button on DP 7: ZARA COAT 3 a1@a1.com","chromium","Sat Nov 29 09:59:34 IST 2025","passed","Sat Nov 29 09:59:37 IST 2025","Dashboard Page : ","specs\dashboard.spec.ts","",""
"","2528","Empty Product User : d1@d1.com","chromium","Sat Nov 29 10:00:05 IST 2025","passed","Sat Nov 29 10:00:08 IST 2025","Dashboard Page : ","specs\dashboard.spec.ts","",""
"","5944","checking delete button on CP : ZARA COAT 3 c1@c1.com","chromium","Sat Nov 29 09:58:51 IST 2025","passed","Sat Nov 29 09:58:57 IST 2025","Cart Page : ","specs\cart.spec.ts","",""
"","4258","checking buy now button on CP : ADIDAS ORIGINAL b1@b1.com","chromium","Sat Nov 29 09:58:35 IST 2025","passed","Sat Nov 29 09:58:40 IST 2025","Cart Page : ","specs\cart.spec.ts","",""
"","6105","Checking Add to Cart Functionality on DP 12: iphone 13 pro a1@a1.com","chromium","Sat Nov 29 09:59:43 IST 2025","passed","Sat Nov 29 09:59:49 IST 2025","Dashboard Page : ","specs\dashboard.spec.ts","",""
"","3309","checking delete button functionality on OP : b1@b1.com","chromium","Sat Nov 29 10:00:35 IST 2025","passed","Sat Nov 29 10:00:39 IST 2025","Orders Page : ","specs\order.spec.ts","",""
"","3052","Checking Orders Btn : c1@c1.com","chromium","Sat Nov 29 10:00:24 IST 2025","passed","Sat Nov 29 10:00:27 IST 2025","Headers Btn Checking : ","specs\header.spec.ts","",""
"","3132","Checking Orders Btn : b1@b1.com","chromium","Sat Nov 29 10:00:20 IST 2025","passed","Sat Nov 29 10:00:23 IST 2025","Headers Btn Checking : ","specs\header.spec.ts","",""
"","6035","Checking PlaceOrder Button on ChP : b1@b1.com","chromium","Sat Nov 29 09:59:08 IST 2025","passed","Sat Nov 29 09:59:14 IST 2025","Checkout Page : ","specs\checkout.spec.ts","",""
"","6331","checking buy now button on CP : iphone 13 pro c1@c1.com","chromium","Sat Nov 29 09:58:25 IST 2025","passed","Sat Nov 29 09:58:31 IST 2025","Cart Page : ","specs\cart.spec.ts","",""
"","3005","Checking Product Amount on VP : iphone 13 pro c1@c1.com","chromium","Sat Nov 29 10:01:53 IST 2025","passed","Sat Nov 29 10:01:56 IST 2025","View Product Details Page : ","specs\viewProductDetails.spec.ts","",""
"","1395","Register Test 6 : lastName invalid","chromium","Sat Nov 29 10:00:58 IST 2025","passed","Sat Nov 29 10:00:59 IST 2025","","specs\register.spec.ts","",""
"","2941","Register Test 15 : empty confirm password","chromium","Sat Nov 29 10:01:03 IST 2025","passed","Sat Nov 29 10:01:06 IST 2025","","specs\register.spec.ts","",""
"","3166","Checking cart Count Functionality on header : b1@b1.com","chromium","Sat Nov 29 10:00:23 IST 2025","passed","Sat Nov 29 10:00:26 IST 2025","Headers Btn Checking : ","specs\header.spec.ts","",""
"","2555","Register Test 17 : password character less","chromium","Sat Nov 29 10:01:05 IST 2025","passed","Sat Nov 29 10:01:07 IST 2025","","specs\register.spec.ts","",""
